{
  "loss": 0.08380864690632929,
  "mae_deg": 10.745535850524902,
  "median_ae_deg": 2.3566884994506836,
  "rmse_deg": 30.778417587280273,
  "axial_mae_deg": 6.781832695007324,
  "acc15_deg": 88.13222050666809,
  "acc30_deg": 91.93577170372009,
  "acc45_deg": 93.82766485214233
}