{
  "loss": 0.08210891086534267,
  "mae_deg": 10.89091968536377,
  "median_ae_deg": 2.641439199447632,
  "rmse_deg": 29.985891342163086,
  "axial_mae_deg": 7.321334362030029,
  "acc15_deg": 87.59061098098755,
  "acc30_deg": 91.51065349578857,
  "acc45_deg": 93.81335973739624
}