{
  "loss": 0.0870780536853487,
  "mae_deg": 11.267633438110352,
  "median_ae_deg": 2.615981340408325,
  "rmse_deg": 31.277729034423828,
  "axial_mae_deg": 7.210758686065674,
  "acc15_deg": 87.54087686538696,
  "acc30_deg": 91.48272275924683,
  "acc45_deg": 93.56400966644287
}